{
  "info": {
    "name": "Demoblaze API - Signup & Login",
    "schema": "https://schema.getpostman.com/json/collection/v2.1.0/collection.json"
  },
  "item": [
    {
      "name": "Signup",
      "request": {
        "method": "POST",
        "header": [
          {
            "key": "Content-Type",
            "value": "application/json"
          }
        ],
        "body": {
          "mode": "raw",
          "raw": "{\n  \"username\": \"klebervargas\",\n  \"password\": \"kv1985\"\n}"
        },
        "url": {
          "raw": "https://api.demoblaze.com/signup",
          "protocol": "https",
          "host": ["api","demoblaze","com"],
          "path": ["signup"]
        }
      }
    },
    {
      "name": "Login",
      "request": {
        "method": "POST",
        "header": [
          {
            "key": "Content-Type",
            "value": "application/json"
          }
        ],
        "body": {
          "mode": "raw",
          "raw": "{\n  \"username\": \"klebervargas\",\n  \"password\": \"kv1985\"\n}"
        },
        "url": {
          "raw": "https://api.demoblaze.com/login",
          "protocol": "https",
          "host": ["api","demoblaze","com"],
          "path": ["login"]
        }
      }
    }
  ]
}
